"Concentration","Gl_Mfa","Gl_Rjs","Gl_Xik","Gl_Zhw"
1,5.71,1.03,3.03,-0.99
2,1.49,2.69,5.45,-0.609999999999999
3,3.93,-0.359999999999999,1.62,-0.34
4,1.51,2.85,4.01,-1.25
5,4.06,1.64,4.74,0.25
6,0.100000000000001,0.139999999999997,0.759999999999998,0.979999999999999
7,3.74,1.23,3.21,-1.99
8,5.18,1.3,3.06,0.86
9,2.13999999999999,2.9,4.67,1.96
10,2.54000000000001,1.43,3.66999999999999,-1.44
